links,property
https://new.avaloncommunities.com/california/los-angeles-apartments/ava-arts-district,ava-arts-district
https://new.avaloncommunities.com/california/burbank-apartments/ava-burbank,ava-burbank
https://new.avaloncommunities.com/california/los-angeles-apartments/ava-hollywood-at-la-pietra-place,ava-hollywood-at-la-pietra-place
https://new.avaloncommunities.com/california/los-angeles-apartments/ava-little-tokyo,ava-little-tokyo
https://new.avaloncommunities.com/california/costa-mesa-apartments/ava-newport,ava-newport
https://new.avaloncommunities.com/california/los-angeles-apartments/ava-north-hollywood,ava-north-hollywood
https://new.avaloncommunities.com/california/san-diego-apartments/ava-pacific-beach,ava-pacific-beach
https://new.avaloncommunities.com/california/studio-city-apartments/ava-studio-city,ava-studio-city
https://new.avaloncommunities.com/california/los-angeles-apartments/ava-toluca-hills,ava-toluca-hills
https://new.avaloncommunities.com/california/lake-forest-apartments/avalon-baker-ranch,avalon-baker-ranch
https://new.avaloncommunities.com/california/brea-apartments/avalon-brea-place,avalon-brea-place
https://new.avaloncommunities.com/california/burbank-apartments/avalon-burbank,avalon-burbank
https://new.avaloncommunities.com/california/calabasas-apartments/avalon-calabasas,avalon-calabasas
https://new.avaloncommunities.com/california/camarillo-apartments/avalon-camarillo,avalon-camarillo
https://new.avaloncommunities.com/california/artesia-apartments/avalon-cerritos,avalon-cerritos
https://new.avaloncommunities.com/california/chino-hills-apartments/avalon-chino-hills,avalon-chino-hills
https://new.avaloncommunities.com/california/pasadena-apartments/avalon-del-mar-station,avalon-del-mar-station
https://new.avaloncommunities.com/california/encino-apartments/avalon-encino,avalon-encino
https://new.avaloncommunities.com/california/glendale-apartments/avalon-glendale,avalon-glendale
https://new.avaloncommunities.com/california/glendora-apartments/avalon-glendora,avalon-glendora
https://new.avaloncommunities.com/california/huntington-beach-apartments/avalon-huntington-beach,avalon-huntington-beach
https://new.avaloncommunities.com/california/irvine-apartments/avalon-irvine,avalon-irvine
https://new.avaloncommunities.com/california/san-diego-apartments/avalon-la-jolla-colony,avalon-la-jolla-colony
https://new.avaloncommunities.com/california/camarillo-apartments/avalon-mission-oaks,avalon-mission-oaks
https://new.avaloncommunities.com/california/monrovia-apartments/avalon-monrovia,avalon-monrovia
https://new.avaloncommunities.com/california/agoura-hills-apartments/avalon-oak-creek,avalon-oak-creek
https://new.avaloncommunities.com/california/pasadena-apartments/avalon-pasadena,avalon-pasadena
https://new.avaloncommunities.com/california/los-angeles-apartments/avalon-playa-vista,avalon-playa-vista
https://new.avaloncommunities.com/california/san-dimas-apartments/avalon-san-dimas,avalon-san-dimas
https://new.avaloncommunities.com/california/santa-monica-apartments/avalon-santa-monica-on-main,avalon-santa-monica-on-main
https://new.avaloncommunities.com/california/simi-valley-apartments/avalon-simi-valley,avalon-simi-valley
https://new.avaloncommunities.com/california/studio-city-apartments/avalon-studio-4121,avalon-studio-4121
https://new.avaloncommunities.com/california/studio-city-apartments/avalon-studio-city,avalon-studio-city
https://new.avaloncommunities.com/california/thousand-oaks-apartments/avalon-thousand-oaks-plaza,avalon-thousand-oaks-plaza
https://new.avaloncommunities.com/california/vista-apartments/avalon-vista,avalon-vista
https://new.avaloncommunities.com/california/canoga-park-apartments/avalon-warner-place,avalon-warner-place
https://new.avaloncommunities.com/california/west-hollywood-apartments/avalon-west-hollywood,avalon-west-hollywood
https://new.avaloncommunities.com/california/los-angeles-apartments/avalon-wilshire,avalon-wilshire
https://new.avaloncommunities.com/california/woodland-hills-apartments/avalon-woodland-hills,avalon-woodland-hills
https://new.avaloncommunities.com/california/artesia-apartments/eaves-cerritos,eaves-cerritos
https://new.avaloncommunities.com/california/huntington-beach-apartments/eaves-huntington-beach,eaves-huntington-beach
https://new.avaloncommunities.com/california/la-mesa-apartments/eaves-la-mesa,eaves-la-mesa
https://new.avaloncommunities.com/california/lake-forest-apartments/eaves-lake-forest,eaves-lake-forest
https://new.avaloncommunities.com/california/los-angeles-apartments/eaves-los-feliz,eaves-los-feliz
https://new.avaloncommunities.com/california/san-diego-apartments/eaves-mission-ridge,eaves-mission-ridge
https://new.avaloncommunities.com/california/mission-viejo-apartments/eaves-mission-viejo,eaves-mission-viejo
https://new.avaloncommunities.com/california/pasadena-apartments/eaves-old-town-pasadena,eaves-old-town-pasadena
https://new.avaloncommunities.com/california/pomona-apartments/eaves-phillips-ranch,eaves-phillips-ranch
https://new.avaloncommunities.com/california/san-diego-apartments/eaves-rancho-penasquitos,eaves-rancho-penasquitos
https://new.avaloncommunities.com/california/san-dimas-apartments/eaves-san-dimas,eaves-san-dimas
https://new.avaloncommunities.com/california/san-dimas-apartments/eaves-san-dimas-canyon,eaves-san-dimas-canyon
https://new.avaloncommunities.com/california/san-marcos-apartments/eaves-san-marcos,eaves-san-marcos
https://new.avaloncommunities.com/california/rancho-santa-margarita-apartments/eaves-santa-margarita,eaves-santa-margarita
https://new.avaloncommunities.com/california/seal-beach-apartments/eaves-seal-beach,eaves-seal-beach
https://new.avaloncommunities.com/california/costa-mesa-apartments/eaves-south-coast,eaves-south-coast
https://new.avaloncommunities.com/california/thousand-oaks-apartments/eaves-thousand-oaks,eaves-thousand-oaks
https://new.avaloncommunities.com/california/woodland-hills-apartments/eaves-warner-center,eaves-warner-center
https://new.avaloncommunities.com/california/woodland-hills-apartments/eaves-woodland-hills,eaves-woodland-hills
